blocktime,open,high,low,close,volume
03/30/2025 09:01:12,650.8531841883611,650.8531841883611,650.8531841883611,650.8531841883611,529945340.0
03/30/2025 09:01:16,614.3808082195129,614.3808082195129,614.3808082195129,614.3808082195129,1431594820.0
03/30/2025 09:01:15,618.3123809895856,618.3123809895856,618.3123809895856,618.3123809895856,1409652670.0
03/30/2025 09:01:22,608.8101954037886,608.8101954037886,608.8101954037886,608.8101954037886,901270240.0
03/30/2025 09:01:19,610.2502485188026,610.2502485188026,610.2502485188026,610.2502485188026,144797330.0
03/30/2025 09:01:23,607.566779611525,607.566779611525,606.8412099035096,606.8412099035096,489261820.0
03/30/2025 09:01:25,606.1650529852514,606.1650529852514,606.1650529852514,606.1650529852514,46076710.0
03/30/2025 09:01:17,611.4271470555248,611.4271470555248,611.4271470555248,611.4271470555248,709819680.0000001
03/30/2025 09:01:26,619.5520525993584,619.5520525993584,619.5520525993584,619.5520525993584,9801980190.0
03/30/2025 09:01:27,632.0948133975189,632.0948133975189,632.0948133975189,632.0948133975189,859689320.0
03/30/2025 09:01:13,635.0094716017579,635.0094716017579,635.0094716017579,635.0094716017579,10618838790.0
03/30/2025 09:01:28,651.4749077341085,651.4749077341085,651.4749077341085,651.4749077341085,14702970290.0
03/30/2025 09:01:29,675.8818817402437,680.2123537439795,675.8818817402437,680.2123537439795,2981571240.0
03/30/2025 09:01:32,674.6777250635885,674.6777250635885,12.554329651792843,12.554329651792843,9822372990.0
03/30/2025 09:01:31,664.036639217076,664.036639217076,661.7737779864791,661.7737779864791,1576844500.0
03/30/2025 09:01:30,681.6634868435035,681.6634868435035,673.5027106930538,673.5027106930538,5998891680.0
03/30/2025 09:01:42,687.3752944474999,687.3752944474999,687.3752944474999,687.3752944474999,870200700.0
03/30/2025 09:01:35,687.200072700805,687.200072700805,687.200072700805,687.200072700805,990000000.0
03/30/2025 09:01:48,693.260003475694,693.260003475694,693.260003475694,693.260003475694,4900990090.0
03/30/2025 09:02:01,697.4620333333335,697.4620333333335,693.1493665923097,693.1493665923097,2936326270.0
03/30/2025 09:01:58,700.5192726112375,700.5192726112375,700.5192726112375,700.5192726112375,20000000.0
03/30/2025 09:02:10,694.1259709948021,694.1259709948021,694.1259709948021,694.1259709948021,471031229.99999994
03/30/2025 09:02:16,691.9700139045782,691.9700139045782,691.9700139045782,691.9700139045782,997887880.0
03/30/2025 09:02:18,627.2708223632363,627.2708223632363,627.2708223632363,627.2708223632363,4971712610.0
03/30/2025 09:02:20,620.0775933813827,620.0775933813827,611.1292122379517,611.1292122379517,6448881670.000001
03/30/2025 09:02:08,693.3635129255424,693.3635129255424,693.3635129255424,693.3635129255424,990000000.0
03/30/2025 09:02:17,661.7814536934738,661.7814536934738,661.7814536934738,661.7814536934738,19614029090.0
03/30/2025 09:02:25,600.8738733201741,600.8738733201741,600.8610031624681,600.8610031624681,462858629.99999994
03/30/2025 09:02:27,599.0897560068837,599.0897560068837,597.5214179051549,597.5214179051549,1106549210.0
03/30/2025 09:02:28,596.5847341559935,596.5847341559935,594.9666076756249,594.9666076756249,1189529239.999999
03/30/2025 09:02:33,576.7042858742408,576.7042858742408,576.7042858742408,576.7042858742408,8378583990.0
03/30/2025 09:02:37,562.5442980360697,562.5442980360697,562.5442980360697,562.5442980360697,2303828920.0
03/30/2025 09:02:39,548.063454681995,548.063454681995,536.4016268722559,536.4016268722559,9030135490.0
03/30/2025 09:02:38,559.4999739422925,559.4999739422925,559.4999739422925,559.4999739422925,4542730.0
03/30/2025 09:02:21,601.5776849212956,601.5776849212956,601.5776849212956,601.5776849212956,742000310.0
03/30/2025 09:02:30,592.2431232259329,592.2431232259329,589.1185969262874,589.1185969262874,2307496590.0
03/30/2025 09:02:40,534.16056942555,534.16056942555,534.16056942555,534.16056942555,1377644230.0
03/30/2025 09:02:41,531.5448204373454,531.5448204373454,530.6428127787188,530.6428127787188,702482990.0
03/30/2025 09:02:42,529.9558544001472,729.0639788969596,529.9558544001472,729.0639788969596,509308480.0
03/30/2025 09:02:47,523.2336273573909,523.2336273573909,523.2336273573909,523.2336273573909,3701403720.0
03/30/2025 09:02:55,518.0539525960043,521.2248933448858,518.0539525960043,521.2248933448858,2501948750.0
03/30/2025 09:02:44,528.6320579454851,528.6320579454851,528.6320579454851,528.6320579454851,513830000.0
03/30/2025 09:02:54,518.2970598697524,518.2970598697524,518.2970598697524,518.2970598697524,188116990.0
03/30/2025 09:03:03,523.563689356375,523.563689356375,523.563689356375,523.563689356375,667595290.0
03/30/2025 09:03:11,529.9835133039245,529.9835133039245,529.6533986828406,529.6533986828406,255137420.0
03/30/2025 09:03:08,526.4973681163328,526.4973681163328,526.4973681163328,526.4973681163328,2969782810.0
03/30/2025 09:03:17,542.4817234255216,542.4817234255216,542.4817234255216,542.4817234255216,10000000000.0
03/30/2025 09:03:23,557.5279639707304,557.5279639707304,557.5279639707304,557.5279639707304,528590990.0
03/30/2025 09:03:24,0.5690220524202788,0.5690220524202788,0.5690220524202788,0.5690220524202788,7613919.999999999
03/30/2025 09:03:42,550.5316854595583,550.5316854595583,550.5316854595583,550.5316854595583,9897621060.0
03/30/2025 09:03:44,560.3830223668037,560.3830223668037,560.3830223668037,560.3830223668037,790010.0
03/30/2025 09:03:43,562.0057852970309,562.0057852970309,562.0057852970309,562.0057852970309,1226351150.0
03/30/2025 09:03:45,573.5666311549711,573.5666311549711,573.5666311549711,573.5666311549711,9990000000.0
03/30/2025 09:03:59,588.3541255873024,588.3541255873024,588.3541255873024,588.3541255873024,960014720.0
03/30/2025 09:04:05,575.3002885284689,575.3002885284689,561.290414657957,561.290414657957,10608815490.0
03/30/2025 09:04:11,553.2512377676763,553.2512377676763,553.2512377676763,553.2512377676763,6085000850.0
03/30/2025 09:03:21,556.9203543874415,556.9203543874415,556.9203543874415,556.9203543874415,990000000.0
03/30/2025 09:04:19,545.4624568036797,545.4624568036797,545.4624568036797,545.4624568036797,611680420.0
03/30/2025 09:04:16,544.9991053132369,544.9991053132369,544.6394907890542,544.6394907890542,255288250.00000003
03/30/2025 09:04:29,534.1400346950209,534.1400346950209,534.1400346950209,534.1400346950209,9303293910.0
03/30/2025 09:04:51,520.4819692790297,520.4819692790297,519.2798071033319,519.2798071033319,945787409.9999999
03/30/2025 09:04:57,519.7861276530527,519.7861276530527,519.7861276530527,519.7861276530527,400000010.0
03/30/2025 09:04:30,522.2859087301439,522.2859087301439,522.2859087301439,522.2859087301439,1503060.0
03/30/2025 09:05:02,467.49689252918824,467.49689252918824,467.49689252918824,467.49689252918824,4979340.0
03/30/2025 09:05:01,493.193369775689,493.193369775689,493.193369775689,493.193369775689,21316979749.999996
03/30/2025 09:05:10,443.95411162717727,443.95411162717727,443.95411162717727,443.95411162717727,19531532600.0
03/30/2025 09:05:16,419.44405654549564,419.44405654549564,419.44405654549564,419.44405654549564,391666720.0
03/30/2025 09:05:12,420.74560961116435,420.74560961116435,420.74560961116435,420.74560961116435,747931280.0
03/30/2025 09:05:19,418.58345486524854,418.58345486524854,418.58345486524854,418.58345486524854,362661350.0
03/30/2025 09:05:22,416.9985514461304,417.5621166456224,416.9985514461304,417.5621166456224,500112670.0
03/30/2025 09:05:21,418.28182688608024,418.28182688608024,417.26940823247435,417.26940823247435,959222840.0
03/30/2025 09:05:37,416.48258035986294,416.48258035986294,416.48258035986294,416.48258035986294,20073250.0
03/30/2025 09:05:40,427.8328385390589,427.8328385390589,427.8328385390589,427.8328385390589,9998888650.0
03/30/2025 09:05:41,437.54582035944674,437.54582035944674,437.54582035944674,437.54582035944674,1686505320.0
03/30/2025 09:05:53,436.5253801323447,436.6447334380311,415.6092862597743,415.6092862597743,1516198720.0
03/30/2025 09:04:35,521.9844856132577,521.9844856132577,521.9844856132577,521.9844856132577,236563510.0
03/30/2025 09:05:56,431.8981504257651,431.8981504257651,431.8981504257651,431.8981504257651,3372360320.0
03/30/2025 09:05:34,0.719738786795752,0.719738786795752,0.719738786795752,0.719738786795752,800010.0
03/30/2025 09:06:52,410.44806208994964,410.44806208994964,410.44806208994964,410.44806208994964,809790460.0
03/30/2025 09:06:43,419.42012728070165,419.42012728070165,419.42012728070165,419.42012728070165,7126907640.0
03/30/2025 09:06:28,427.82197662039044,427.82197662039044,427.82197662039044,427.82197662039044,162614690.0
03/30/2025 09:06:58,408.9531813793882,408.9531813793882,408.9531813793882,408.9531813793882,409108630.0
03/30/2025 09:06:55,409.4745573042303,409.4745573042303,409.4745573042303,409.4745573042303,53246700.0
03/30/2025 09:07:02,400.3199647495271,400.3199647495271,392.185274754972,392.185274754972,7368613820.0
03/30/2025 09:07:12,382.20157317517317,382.20157317517317,382.20157317517317,382.20157317517317,8932439560.0
03/30/2025 09:07:18,370.0513166222064,370.0513166222064,370.0513166222064,370.0513166222064,1360353270.0
03/30/2025 09:07:13,372.8024252404421,372.8024252404421,372.8024252404421,372.8024252404421,196039600.0
03/30/2025 09:07:20,368.33297212091725,368.33297212091725,368.33297212091725,368.33297212091725,245451050.0
03/30/2025 09:07:40,363.33356534790835,363.33356534790835,363.33356534790835,363.33356534790835,2762882300.0
03/30/2025 09:07:17,372.2623448833201,372.2623448833201,372.2623448833201,372.2623448833201,697753430.0
03/30/2025 09:08:08,2.2812460536091006,2.2812460536091006,2.2812460536091006,2.2812460536091006,20392800.0
03/30/2025 09:07:39,367.1745473823598,367.1745473823598,367.1745473823598,367.1745473823598,837892760.0
03/30/2025 09:07:45,359.96857393208865,359.96857393208865,359.96857393208865,359.96857393208865,417255110.0
03/30/2025 09:08:19,353.6864293095101,353.6864293095101,353.6864293095101,353.6864293095101,220634480.0
03/30/2025 09:08:10,353.85691381183574,353.85691381183574,353.85691381183574,353.85691381183574,981342720.0
03/30/2025 09:08:24,353.3775547276977,353.3775547276977,353.3775547276977,353.3775547276977,74105680.0
03/30/2025 09:08:30,353.28061742380305,353.28061742380305,353.28061742380305,353.28061742380305,18311870.0
03/30/2025 09:09:03,353.24598000075105,353.24598000075105,353.24598000075105,353.24598000075105,14761230.0
03/30/2025 09:09:59,349.5400778723972,349.5400778723972,349.5400778723972,349.5400778723972,555490570.0
03/30/2025 09:10:13,347.95778892112713,347.95778892112713,346.90292166452883,346.90292166452883,1016011109.9999999
03/30/2025 09:10:23,346.6681675084836,346.6681675084836,346.6681675084836,346.6681675084836,174403599.99999997
03/30/2025 09:10:43,349.53805872859243,349.53805872859243,349.53805872859243,349.53805872859243,2940594050.0
03/30/2025 09:11:01,353.0177782040136,353.0177782040136,353.0177782040136,353.0177782040136,294059400.0
03/30/2025 09:08:12,354.4022097253954,354.4022097253954,354.4022097253954,354.4022097253954,462003100.0
03/30/2025 09:10:57,352.6629248790745,352.6629248790745,352.6629248790745,352.6629248790745,45006020.0
03/30/2025 09:11:22,66.45690931138111,354.98310935044316,66.45690931138111,354.98310935044316,2245956380.0
03/30/2025 09:12:14,22.25899108730173,22.25899108730173,22.25899108730173,22.25899108730173,20392800.0
03/30/2025 09:11:09,353.01776619903177,353.01776619903177,353.01776619903177,353.01776619903177,294059390.0
03/30/2025 09:12:35,355.3335209325363,355.3335209325363,355.3335209325363,355.3335209325363,200000000.0
03/30/2025 09:11:24,357.1611342595093,357.1611342595093,357.1611342595093,357.1611342595093,172373660.0
03/30/2025 09:12:24,355.7071428293816,355.7071428293816,355.7071428293816,355.7071428293816,555716380.0
03/30/2025 09:16:08,353.912568063861,353.912568063861,353.912568063861,353.912568063861,1255474230.0
03/30/2025 09:14:21,355.5976369144064,355.5976369144064,355.5976369144064,355.5976369144064,348597650.0
03/30/2025 09:16:42,346.35399141605853,346.35399141605853,346.35399141605853,346.35399141605853,5283727230.0
03/30/2025 09:16:53,340.60993605083064,340.60993605083064,340.60993605083064,340.60993605083064,297816530.0
03/30/2025 09:13:40,355.7539047607188,355.7539047607188,355.7539047607188,355.7539047607188,200000000.0
03/30/2025 09:16:10,20.86311419490499,20.86311419490499,20.86311419490499,20.86311419490499,20392800.0
03/30/2025 09:17:04,337.19593660415063,337.19593660415063,337.19593660415063,337.19593660415063,29623490.0
03/30/2025 09:17:01,338.76151505167826,338.76151505167826,338.76151505167826,338.76151505167826,1499936780.0
03/30/2025 09:17:57,353.17981683748343,353.17981683748343,353.17981683748343,353.17981683748343,89000000.0
03/30/2025 09:17:54,342.82077800589036,342.82077800589036,342.82077800589036,342.82077800589036,9801980190.0
03/30/2025 09:21:41,358.39735119526097,358.39735119526097,358.39735119526097,358.39735119526097,15666140.0
03/30/2025 09:17:30,335.00259861688954,335.00259861688954,335.00259861688954,335.00259861688954,2113516100.0
03/30/2025 09:18:18,355.8177719745034,355.8177719745034,355.8177719745034,355.8177719745034,2429098080.0
03/30/2025 09:22:45,336.2879801775309,336.2879801775309,336.2879801775309,336.2879801775309,84743320.0
03/30/2025 09:22:43,346.50215073698547,346.50215073698547,346.50215073698547,346.50215073698547,9907238520.0
03/30/2025 09:23:16,336.03647462012935,336.03647462012935,336.03647462012935,336.03647462012935,271136290.0
03/30/2025 09:22:19,357.67347621039374,357.67347621039374,357.67347621039374,357.67347621039374,701676000.0
03/30/2025 09:26:38,334.5249156994822,334.5249156994822,334.5249156994822,334.5249156994822,1749949260.0
03/30/2025 09:28:49,332.53484220017543,332.53484220017543,332.53484220017543,332.53484220017543,171104250.0
03/30/2025 09:30:00,332.2254861833018,332.2254861833018,332.2254861833018,332.2254861833018,133348459.99999999
03/30/2025 09:30:07,331.9381099591555,331.9381099591555,331.9381099591555,331.9381099591555,149579010.0
03/30/2025 09:31:52,333.1356763427253,333.1356763427253,333.1356763427253,333.1356763427253,1329156240.0
03/30/2025 09:28:08,332.7271868995707,332.7271868995707,332.7271868995707,332.7271868995707,18159180.0
03/30/2025 09:32:14,334.6434824628459,334.6434824628459,334.6434824628459,334.6434824628459,150000000.0
03/30/2025 09:23:06,335.98038765623426,335.98038765623426,335.98038765623426,335.98038765623426,216231620.0
03/30/2025 09:39:06,332.3508798534823,332.3508798534823,332.3508798534823,332.3508798534823,774283740.0
03/30/2025 09:36:21,334.61700730086864,334.61700730086864,334.61700730086864,334.61700730086864,175959650.00000003
03/30/2025 09:44:34,330.44891328465155,330.44891328465155,330.44891328465155,330.44891328465155,1065932880.0
03/30/2025 09:40:06,331.54786381451174,331.54786381451174,331.54786381451174,331.54786381451174,16940030.0
03/30/2025 09:48:19,329.2465121589561,329.2465121589561,329.2465121589561,329.2465121589561,122743670.0
03/30/2025 09:52:34,74.31717950635111,74.31717950635111,74.31717950635111,74.31717950635111,7427770.0
03/30/2025 09:51:32,329.0507696381977,329.0507696381977,329.0507696381977,329.0507696381977,70823890.0
03/30/2025 09:57:09,328.6366117919526,328.6366117919526,328.6366117919526,328.6366117919526,148735440.0
03/30/2025 10:04:11,328.42472627532044,328.42472627532044,328.42472627532044,328.42472627532044,60986160.0
03/30/2025 09:53:42,328.84980011832477,328.84980011832477,328.84980011832477,328.84980011832477,62222690.0
03/30/2025 10:21:25,325.53732176260837,325.53732176260837,325.53732176260837,325.53732176260837,11946660.0
03/30/2025 10:12:44,327.81442238129955,327.81442238129955,326.93696901486715,326.93696901486715,870224649.9999999
03/30/2025 10:43:13,324.42388704039246,324.42388704039246,324.42388704039246,324.42388704039246,147237750.0
03/30/2025 10:17:26,326.0781790462766,326.0781790462766,326.0781790462766,326.0781790462766,525681590.00000006
03/30/2025 10:36:52,324.9002008942649,324.9002008942649,324.9002008942649,324.9002008942649,621805560.0
03/30/2025 11:09:25,318.7224606461129,318.7224606461129,318.7224606461129,318.7224606461129,650192990.0
03/30/2025 11:17:13,315.83200315262775,315.83200315262775,315.83200315262775,315.83200315262775,31737200.0
03/30/2025 11:34:20,315.5633974204061,315.5633974204061,315.5633974204061,315.5633974204061,239459720.0
03/30/2025 11:43:03,317.75198436514046,317.75198436514046,317.75198436514046,317.75198436514046,2450740110.0
03/30/2025 12:04:19,314.32280915116445,314.32280915116445,314.32280915116445,314.32280915116445,1013993740.0
03/30/2025 13:12:04,308.0428365366246,308.0428365366246,308.0428365366246,308.0428365366246,3767436580.0
03/30/2025 11:59:28,317.7519830685853,317.7519830685853,317.7519830685853,317.7519830685853,2450740100.0
03/30/2025 12:05:37,312.53542120042385,312.53542120042385,312.53542120042385,312.53542120042385,797695120.0
03/30/2025 14:34:02,303.15966950803073,303.15966950803073,303.15966950803073,303.15966950803073,38688530.0
03/30/2025 14:03:54,303.8316290927493,303.8316290927493,303.8316290927493,303.8316290927493,563275140.0
03/30/2025 16:29:36,302.82234039552895,302.82234039552895,302.82234039552895,302.82234039552895,308995090.0
03/30/2025 16:50:05,299.99310979011403,299.99310979011403,299.99310979011403,299.99310979011403,2047994070.0
03/30/2025 14:10:54,303.24107196311644,303.24107196311644,303.24107196311644,303.24107196311644,45126589.99999999
03/30/2025 16:50:30,297.8948795133076,297.8948795133076,297.8948795133076,297.8948795133076,132667810.0
03/30/2025 17:43:33,297.5231097904012,297.5231097904012,297.5231097904012,297.5231097904012,124791079.99999999
03/30/2025 16:49:09,302.24963209710575,302.24963209710575,302.24963209710575,302.24963209710575,281778070.0
03/30/2025 17:31:37,297.70516779807735,297.70516779807735,297.70516779807735,297.70516779807735,64555500.0
03/30/2025 18:12:21,296.578508313937,296.578508313937,296.578508313937,296.578508313937,857957570.0
03/30/2025 19:10:07,293.737985278472,293.737985278472,293.737985278472,293.737985278472,1281021750.0000002
03/30/2025 18:25:17,295.6787571225861,295.6787571225861,295.6787571225861,295.6787571225861,80717940.0
03/30/2025 21:11:41,292.4942774992427,292.4942774992427,292.4942774992427,292.4942774992427,23538480.0
03/31/2025 01:14:47,292.2033471693281,292.2033471693281,292.2033471693281,292.2033471693281,203984910.0
03/30/2025 19:05:23,295.28264885941053,295.28264885941053,295.28264885941053,295.28264885941053,332633060.0
03/31/2025 06:21:51,290.33532914874064,290.33532914874064,290.33532914874064,290.33532914874064,1621300680.0
03/30/2025 21:58:28,153.23040186463658,153.23040186463658,153.23040186463658,153.23040186463658,20392800.0
03/31/2025 09:54:33,288.69732301491445,288.69732301491445,288.69732301491445,288.69732301491445,108006430.0
03/31/2025 21:22:28,18.26125577989126,18.26125577989126,18.26125577989126,18.26125577989126,20392800.0
03/31/2025 11:32:00,287.50892502548567,287.50892502548567,287.50892502548567,287.50892502548567,1147113050.0
04/02/2025 16:23:31,286.02144096401753,286.02144096401753,286.02144096401753,286.02144096401753,43886760.0
04/02/2025 16:22:09,285.9022026518192,285.9022026518192,285.9022026518192,285.9022026518192,82576290.0
04/03/2025 12:02:41,286.0426825190989,286.0426825190989,286.0426825190989,286.0426825190989,21273920.0
04/03/2025 22:20:53,285.77100210068284,285.77100210068284,285.77100210068284,285.77100210068284,241955600.0
04/03/2025 12:48:39,286.0107010816419,286.0107010816419,286.0107010816419,286.0107010816419,12502000.0
04/09/2025 16:41:13,285.41121053157997,285.41121053157997,285.41121053157997,285.41121053157997,140053640.0
03/31/2025 03:12:27,291.94408101991723,291.94408101991723,291.94408101991723,291.94408101991723,68196330.0
